company,title,location,url
Strategy Software (MicroStrategy),Account Executive,"Mexico City, CIUDAD DE MEXICO, mx",https://api.smartrecruiters.com/v1/companies/MicroStrategy1/postings/744000089825775
Strategy Software (MicroStrategy),Customer Success Manager,"Cologne, de",https://api.smartrecruiters.com/v1/companies/MicroStrategy1/postings/744000089825055
Strategy Software (MicroStrategy),Facilities Manager,"Chennai, in",https://api.smartrecruiters.com/v1/companies/MicroStrategy1/postings/744000089238831
Strategy Software (MicroStrategy),Software Architect,"Chennai, in",https://api.smartrecruiters.com/v1/companies/MicroStrategy1/postings/744000089176755
Strategy Software (MicroStrategy),Senior Business Development Representative,"London, gb",https://api.smartrecruiters.com/v1/companies/MicroStrategy1/postings/744000088803915
Strategy Software (MicroStrategy),Global Partner Marketing Director,"Tysons Corner, VIRGINIA, us",https://api.smartrecruiters.com/v1/companies/MicroStrategy1/postings/744000088161465
Strategy Software (MicroStrategy),Customer Success Manager,"Tysons Corner, VIRGINIA, us",https://api.smartrecruiters.com/v1/companies/MicroStrategy1/postings/744000088123765
Strategy Software (MicroStrategy),Customer Success Manager,"Tysons Corner, VIRGINIA, us",https://api.smartrecruiters.com/v1/companies/MicroStrategy1/postings/744000088122628
Strategy Software (MicroStrategy),Partner Director,"Tysons Corner, VIRGINIA, us",https://api.smartrecruiters.com/v1/companies/MicroStrategy1/postings/744000088120936
Strategy Software (MicroStrategy),Senior Campaign Manager,"Tysons Corner, VIRGINIA, us",https://api.smartrecruiters.com/v1/companies/MicroStrategy1/postings/744000088119962
Strategy Software (MicroStrategy),Hardware Engineer,"Tysons, VA, us",https://api.smartrecruiters.com/v1/companies/MicroStrategy1/postings/744000086782360
Strategy Software (MicroStrategy),Cloud Support Operations Engineer II,"Chennai, TN, in",https://api.smartrecruiters.com/v1/companies/MicroStrategy1/postings/744000086070875
Strategy Software (MicroStrategy),Quality Engineer,"Mumbai, in",https://api.smartrecruiters.com/v1/companies/MicroStrategy1/postings/744000085814355
Strategy Software (MicroStrategy),Senior Financial & Procurement Analyst,"Tysons Corner, VIRGINIA, us",https://api.smartrecruiters.com/v1/companies/MicroStrategy1/postings/744000085214025
Strategy Software (MicroStrategy),Sales Engineer,"Frankfurt, de",https://api.smartrecruiters.com/v1/companies/MicroStrategy1/postings/744000084241432
Strategy Software (MicroStrategy), Support Engineer with German ( Cloud),"Warsaw, pl",https://api.smartrecruiters.com/v1/companies/MicroStrategy1/postings/744000084181186
Strategy Software (MicroStrategy),Global Express Captain,"Tysons Corner, VIRGINIA, us",https://api.smartrecruiters.com/v1/companies/MicroStrategy1/postings/744000084098725
Strategy Software (MicroStrategy),Customer Renewals Specialist (with Italian),"Warsaw, pl",https://api.smartrecruiters.com/v1/companies/MicroStrategy1/postings/744000082088242
Strategy Software (MicroStrategy),"Software Engineer, Senior","Chennai, in",https://api.smartrecruiters.com/v1/companies/MicroStrategy1/postings/744000081974961
Strategy Software (MicroStrategy),"Software Engineer, Principal (Java / Scala)","Chennai, in",https://api.smartrecruiters.com/v1/companies/MicroStrategy1/postings/744000081973007
Strategy Software (MicroStrategy),Software Architect,"Chennai, in",https://api.smartrecruiters.com/v1/companies/MicroStrategy1/postings/744000081972771
Strategy Software (MicroStrategy),"Director, Sales Engineering","Singapore, sg",https://api.smartrecruiters.com/v1/companies/MicroStrategy1/postings/744000081744128
Strategy Software (MicroStrategy),"Director, Business Intelligence","Chennai, in",https://api.smartrecruiters.com/v1/companies/MicroStrategy1/postings/744000081742920
Strategy Software (MicroStrategy),Associate Quality Engineer,"Chennai, in",https://api.smartrecruiters.com/v1/companies/MicroStrategy1/postings/744000081621016
Strategy Software (MicroStrategy),B2B Social Content and Video Specialist,"Tysons Corner, VIRGINIA, us",https://api.smartrecruiters.com/v1/companies/MicroStrategy1/postings/744000081328225
Strategy Software (MicroStrategy),Senior Account Executive,"Cologne, de",https://api.smartrecruiters.com/v1/companies/MicroStrategy1/postings/744000080845009
Strategy Software (MicroStrategy),Senior SEC & Financial Reporting Manager,"Tysons Corner, VIRGINIA, us",https://api.smartrecruiters.com/v1/companies/MicroStrategy1/postings/744000080633698
Strategy Software (MicroStrategy),Software Engineer (Cloud),"Pune, MH, in",https://api.smartrecruiters.com/v1/companies/MicroStrategy1/postings/744000079884676
Strategy Software (MicroStrategy),UI/UX Designer,"Warsaw, pl",https://api.smartrecruiters.com/v1/companies/MicroStrategy1/postings/744000079712380
Strategy Software (MicroStrategy),Executive Vice President & General Counsel,"Tysons Corner, VIRGINIA, us",https://api.smartrecruiters.com/v1/companies/MicroStrategy1/postings/744000078814605
Strategy Software (MicroStrategy),Account Executive,"London, gb",https://api.smartrecruiters.com/v1/companies/MicroStrategy1/postings/744000078103005
Strategy Software (MicroStrategy),Senior Application Security Engineer,"Pune, MH, in",https://api.smartrecruiters.com/v1/companies/MicroStrategy1/postings/744000077657804
Strategy Software (MicroStrategy),AI Delivery Engineer,"Mumbai, in",https://api.smartrecruiters.com/v1/companies/MicroStrategy1/postings/744000077420866
Strategy Software (MicroStrategy),Senior Network Engineer,"Pune, MH, in",https://api.smartrecruiters.com/v1/companies/MicroStrategy1/postings/744000077402615
Strategy Software (MicroStrategy),"Manager, Quality Engineering","Chennai, in",https://api.smartrecruiters.com/v1/companies/MicroStrategy1/postings/744000077205890
Strategy Software (MicroStrategy),Quality Engineer,"Chennai, in",https://api.smartrecruiters.com/v1/companies/MicroStrategy1/postings/744000077205115
Strategy Software (MicroStrategy),"Quality Engineer, Senior","Chennai, in",https://api.smartrecruiters.com/v1/companies/MicroStrategy1/postings/744000077204641
Strategy Software (MicroStrategy),Product Manager,"Warsaw, pl",https://api.smartrecruiters.com/v1/companies/MicroStrategy1/postings/744000077038046
Strategy Software (MicroStrategy),Frontend Developer,"Chennai, TN, in",https://api.smartrecruiters.com/v1/companies/MicroStrategy1/postings/744000076836425
Strategy Software (MicroStrategy),Application Security Engineer,"Nagpur, Maharashtra, in",https://api.smartrecruiters.com/v1/companies/MicroStrategy1/postings/744000076372655
Strategy Software (MicroStrategy),"Software Engineer, Senior ( C++)","Chennai, in",https://api.smartrecruiters.com/v1/companies/MicroStrategy1/postings/744000076310680
Strategy Software (MicroStrategy),Software Engineer ( C++),"Chennai, in",https://api.smartrecruiters.com/v1/companies/MicroStrategy1/postings/744000076309686
Strategy Software (MicroStrategy),"Software Engineer, Principal ( C++)","Chennai, in",https://api.smartrecruiters.com/v1/companies/MicroStrategy1/postings/744000076309090
Strategy Software (MicroStrategy),Senior IT Support Engineer,"Chennai, in",https://api.smartrecruiters.com/v1/companies/MicroStrategy1/postings/744000076306960
Strategy Software (MicroStrategy),Cloud Support Engineer,"Ciudad Autónoma de Buenos Aires, Buenos Aires, ar",https://api.smartrecruiters.com/v1/companies/MicroStrategy1/postings/744000076112714
Strategy Software (MicroStrategy),Front End Developer,"Pune, MH, in",https://api.smartrecruiters.com/v1/companies/MicroStrategy1/postings/744000075815169
Strategy Software (MicroStrategy),Senior ETL Engineer,"Pune, MH, in",https://api.smartrecruiters.com/v1/companies/MicroStrategy1/postings/744000075802275
Strategy Software (MicroStrategy),Cloud Support Operations Engineer II,"Pune, MH, in",https://api.smartrecruiters.com/v1/companies/MicroStrategy1/postings/744000072393645
Strategy Software (MicroStrategy),"Lead, Cloud Support","Mumbai, in",https://api.smartrecruiters.com/v1/companies/MicroStrategy1/postings/744000071942542
Strategy Software (MicroStrategy),Senior Account Executive,"Zürich, ZH, ch",https://api.smartrecruiters.com/v1/companies/MicroStrategy1/postings/744000070505025
Strategy Software (MicroStrategy),Sales Director ,"New York, NY, us",https://api.smartrecruiters.com/v1/companies/MicroStrategy1/postings/744000068635125
Strategy Software (MicroStrategy),Senior Account Executive,"Vienna, at",https://api.smartrecruiters.com/v1/companies/MicroStrategy1/postings/744000067453995
Strategy Software (MicroStrategy),Support Engineer (Cloud) with Spanish,"Warsaw, pl",https://api.smartrecruiters.com/v1/companies/MicroStrategy1/postings/744000067095546
Strategy Software (MicroStrategy),Cloud Support Engineer,"Nagpur, Maharashtra, in",https://api.smartrecruiters.com/v1/companies/MicroStrategy1/postings/744000065512660
Strategy Software (MicroStrategy),Senior AI Engineer I,"Pune, MH, in",https://api.smartrecruiters.com/v1/companies/MicroStrategy1/postings/744000065504292
Strategy Software (MicroStrategy),Sales Director,"Singapore, sg",https://api.smartrecruiters.com/v1/companies/MicroStrategy1/postings/744000064915281
Strategy Software (MicroStrategy),Senior Application Security Engineer,"Pune, MH, in",https://api.smartrecruiters.com/v1/companies/MicroStrategy1/postings/744000064716285
Strategy Software (MicroStrategy),Senior Network Engineer,"Pune, MH, in",https://api.smartrecruiters.com/v1/companies/MicroStrategy1/postings/744000064676938
Strategy Software (MicroStrategy),Workday Administrator/Developer (EMEA hours),"Pune, MH, in",https://api.smartrecruiters.com/v1/companies/MicroStrategy1/postings/744000063736255
Strategy Software (MicroStrategy),Cloud Support Engineer,"Ciudad Autónoma de Buenos Aires, Buenos Aires, ar",https://api.smartrecruiters.com/v1/companies/MicroStrategy1/postings/744000063343038
Strategy Software (MicroStrategy),Senior Cloud Support Operations Engineer II,"Tysons Corner, VIRGINIA, us",https://api.smartrecruiters.com/v1/companies/MicroStrategy1/postings/744000063015060
Strategy Software (MicroStrategy),Senior Account Executive,"Singapore, sg",https://api.smartrecruiters.com/v1/companies/MicroStrategy1/postings/744000058201775
Strategy Software (MicroStrategy),AI Engineer I,"Pune, MH, in",https://api.smartrecruiters.com/v1/companies/MicroStrategy1/postings/744000058060670
Strategy Software (MicroStrategy),Information Security Engineer,"Pune, MH, in",https://api.smartrecruiters.com/v1/companies/MicroStrategy1/postings/744000058060851
Strategy Software (MicroStrategy),Senior Account Executive - Financial Services Sector,"London, gb",https://api.smartrecruiters.com/v1/companies/MicroStrategy1/postings/744000057848031
Strategy Software (MicroStrategy),Sales Director,"Madrid, es",https://api.smartrecruiters.com/v1/companies/MicroStrategy1/postings/744000055060845
Strategy Software (MicroStrategy),Cloud Support Engineer,"Pune, MH, in",https://api.smartrecruiters.com/v1/companies/MicroStrategy1/postings/744000047379794
Strategy Software (MicroStrategy),Cloud Support Engineer,"Pune, MH, in",https://api.smartrecruiters.com/v1/companies/MicroStrategy1/postings/744000043655246
Chenega Corporation,"Filters
  Locations
  Categories
  Business Unit
  Hire Type
  Company","Filters
  Locations
  Categories
  Business Unit
  Hire Type
  Company",https://careers.chenega.com/chenega-careers/jobs
Chenega Corporation,Junior Pricing Analyst,"Chantilly, Virginia
United States",https://careers.chenega.com/chenega-careers/jobs/38118?lang=en-us
Chenega Corporation,"Location
Chantilly, Virginia
United States
home
Remote","Chantilly, Virginia
United States",https://careers.chenega.com/chenega-careers/jobs
Chenega Corporation,"Categories
Finance & Accounting","Categories
Finance & Accounting",https://careers.chenega.com/chenega-careers/jobs
Chenega Corporation,"Location
San Diego, California
United States","San Diego, California
United States",https://careers.chenega.com/chenega-careers/jobs
Chenega Corporation,"Categories
Medical","Categories
Medical",https://careers.chenega.com/chenega-careers/jobs
Chenega Corporation,"Location
Cape Canaveral, Florida
United States","Cape Canaveral, Florida
United States",https://careers.chenega.com/chenega-careers/jobs
Chenega Corporation,"Categories
Information Technology","Categories
Information Technology",https://careers.chenega.com/chenega-careers/jobs
Chenega Corporation,"Location
Redstone Arsenal, Alabama
United States","Redstone Arsenal, Alabama
United States",https://careers.chenega.com/chenega-careers/jobs
Chenega Corporation,"Categories
Security","Categories
Security",https://careers.chenega.com/chenega-careers/jobs
Chenega Corporation,"Location
Edison, New Jersey
United States","Edison, New Jersey
United States",https://careers.chenega.com/chenega-careers/jobs
Chenega Corporation,"Categories
Security","Categories
Security",https://careers.chenega.com/chenega-careers/jobs
Chenega Corporation,"Location
San Antonio, Texas
United States","San Antonio, Texas
United States",https://careers.chenega.com/chenega-careers/jobs
Chenega Corporation,"Categories
Medical","Categories
Medical",https://careers.chenega.com/chenega-careers/jobs
Chenega Corporation,"Location
San Antonio, Texas
United States","San Antonio, Texas
United States",https://careers.chenega.com/chenega-careers/jobs
Chenega Corporation,"Categories
Medical","Categories
Medical",https://careers.chenega.com/chenega-careers/jobs
Chenega Corporation,"Location
Kennedy Space Center, Florida
United States","Kennedy Space Center, Florida
United States",https://careers.chenega.com/chenega-careers/jobs
Chenega Corporation,"Categories
Security","Categories
Security",https://careers.chenega.com/chenega-careers/jobs
Chenega Corporation,"Location
Ft Meade, Maryland
United States","Ft Meade, Maryland
United States",https://careers.chenega.com/chenega-careers/jobs
Chenega Corporation,"Categories
Science & Engineering","Categories
Science & Engineering",https://careers.chenega.com/chenega-careers/jobs
Chenega Corporation,"Location
Huntsville, Alabama
United States","Huntsville, Alabama
United States",https://careers.chenega.com/chenega-careers/jobs
Chenega Corporation,"Categories
Management","Categories
Management",https://careers.chenega.com/chenega-careers/jobs
Comscore Inc,Senior Statistical Analyst,Senior Statistical Analyst,https://www.comscore.com/About/Careers/Job-Opportunities?sfid=1572
Comscore Inc,"Director, Business Relations","Director, Business Relations",https://www.comscore.com/About/Careers/Job-Opportunities?sfid=1573
Comscore Inc,Software Engineer II,Software Engineer II,https://www.comscore.com/About/Careers/Job-Opportunities?sfid=1530
Comscore Inc,"Director, Product Management","Director, Product Management",https://www.comscore.com/About/Careers/Job-Opportunities?sfid=1568
Comscore Inc,Software Development Manager,Software Development Manager,https://www.comscore.com/About/Careers/Job-Opportunities?sfid=1569
Comscore Inc,Sales Development Representative,Sales Development Representative,https://www.comscore.com/About/Careers/Job-Opportunities?sfid=1564
Comscore Inc,Systems Engineer – Command Center,Systems Engineer – Command Center,https://www.comscore.com/About/Careers/Job-Opportunities?sfid=1563
Comscore Inc,Technical Customer Success Specialist,Technical Customer Success Specialist,https://www.comscore.com/About/Careers/Job-Opportunities?sfid=1522
Comscore Inc,Data Center Associate,Data Center Associate,https://www.comscore.com/About/Careers/Job-Opportunities?sfid=1554
Comscore Inc,"Associate Account Manager, Proximic by Comscore","Associate Account Manager, Proximic by Comscore",https://www.comscore.com/About/Careers/Job-Opportunities?sfid=1504
Comscore Inc,Quality Assurance Engineer II,Quality Assurance Engineer II,https://www.comscore.com/About/Careers/Job-Opportunities?sfid=1234
Rocket Mortgage,Performance Marketing Manager - Creative Optimization,"Performance Marketing Manager - Creative Optimization
Save
Los Angeles, California, United States of America + 1 other location
Marketing
Hotel & Events Security Officer (Part-Time)
Save
Detroit, Michigan, United States of America
Physical Operations
Native App Engineering, Manager
Save
Detroit, Michigan, United States of America
Technology
NMLS Licensed Loan Officer (Cypress Waters, Texas)
Save
Coppell, Texas, United States of America
Sales
Executive Loan Officer (Tennessee)
Save
Remote
Sales
Senior Marketing Data Analyst
Save
Detroit, Michigan, United States of America
Data
Security Operator (Afternoon Shift)
Save
Detroit, Michigan, United States of America
Physical Operations
Executive Loan Officer (Florida)
Save
Remote
Sales
Director, Marketing Measurement
Save
Detroit, Michigan, United States of America
Data
Senior Creative Project Manager
Save
Detroit, Michigan, United States of America + 3 other locations
Business Support
Bilingual, NMLS Licensed Mortgage Loan Officer (Spanish/English) - Phoenix, AZ - 2026 Start Dates
Save
Phoenix, Arizona, United States of America
Sales
Team Leader, External Communications
Save
Detroit, Michigan, United States of America
Communications
Knowledge Management Intern - Summer 2026
Save
Detroit, Michigan, United States of America
Internships
Senior Data Scientist, Credit Strategy
Save
Detroit, Michigan, United States of America + 1 other location
Risk
Security Operator (Evening Shift)
Save
Detroit, Michigan, United States of America
Physical Operations
NMLS Licensed Loan Officer (Cleveland, OH) - 2026 Start Dates
Save
Cleveland, Ohio, United States of America
Sales
NMLS Licensed Loan Officer (Phoenix, AZ) - 2026 Start Dates
Save
Phoenix, Arizona, United States of America
Sales
Talent Program Manager Intern - Winter 2026
Save
Detroit, Michigan, United States of America
Internships
Graphic Design Intern - Summer 2026
Save
Detroit, Michigan, United States of America
Internships
Mortgage Loan Officer (Phoenix, AZ) - 2026 Start Dates
Save
Phoenix, Arizona, United States of America
Sales",https://www.myrocketcareer.com/careers/r-080963/performance-marketing-manager-creative-optimization/
Stand Together,"Career Area
Administrative Support (3)
Event Planning and Execution (1)
Finance and Accounting (2)
Fundraising and Development (7)
Grassroots and Community Organizing (27)
Human Resources (3)
IT and Engineering (7)
Marketing and Communications (15)
Operations and Project Management (1)
Partnership Development (6)
Program and Grant Management (3)
Research and Analysis (1)
Organization
Americans for Prosperity (20)
Concerned Veterans for America (1)
Empowered (2)
Stand Together (41)
Stand Together Foundation (3)
Stand Together Music, Sports & Entertainment (1)
Stand Together Trust (2)
The LIBRE Initiative (9)
Location
Alabama (1)
Arizona (2)
California (1)
District of Columbia (1)
Florida (3)
Georgia (2)
Kansas (2)
Michigan (2)
Missouri (1)
New Mexico (2)
North Carolina (1)
Oklahoma (1)
Pennsylvania (2)
South Carolina (1)
Texas (2)
Virginia (50)
West Virginia (1)
Wisconsin (4)
Wyoming (2)
81 Results
Coalitions Manager
Americans for Prosperity | North Carolina
View Job
Data Analyst
Stand Together | Arlington, Virginia
View Job
Deputy State Director
Americans for Prosperity | Grassroots and Community Organizing | West Virginia
View Job
Deputy State Director
Americans for Prosperity | Grassroots and Community Organizing | Wyoming
View Job
Digital Asset Manager (DAM) - Video Asset Management
Arlington, Virginia
View Job
Digital Asset Manager (DAM) – Photo Asset Management
Stand Together | IT and Engineering | Arlington, Virginia
View Job
Director of Grassroots Operations
Americans for Prosperity | Grassroots and Community Organizing | Missouri
View Job
Director, Partnerships - Major Gift Fundraising
Stand Together | Fundraising and Development | Arlington, Virginia
View Job
Executive Assistant, Development & Fundraising
Stand Together | Administrative Support | Arlington, Virginia
View Job
Executive Assistant, Finance & Accounting
Stand Together | Administrative Support | Arlington, Virginia
View Job
Page 1 of 9
Page
of 9","Career Area
Administrative Support (3)
Event Planning and Execution (1)
Finance and Accounting (2)
Fundraising and Development (7)
Grassroots and Community Organizing (27)
Human Resources (3)
IT and Engineering (7)
Marketing and Communications (15)
Operations and Project Management (1)
Partnership Development (6)
Program and Grant Management (3)
Research and Analysis (1)",https://standtogether.org/careers/job-listings?f%5B0%5D=career_area%3A3016
Stand Together,"Career Area
Administrative Support (3)
Event Planning and Execution (1)
Finance and Accounting (2)
Fundraising and Development (7)
Grassroots and Community Organizing (27)
Human Resources (3)
IT and Engineering (7)
Marketing and Communications (15)
Operations and Project Management (1)
Partnership Development (6)
Program and Grant Management (3)
Research and Analysis (1)
Organization
Americans for Prosperity (20)
Concerned Veterans for America (1)
Empowered (2)
Stand Together (41)
Stand Together Foundation (3)
Stand Together Music, Sports & Entertainment (1)
Stand Together Trust (2)
The LIBRE Initiative (9)
Location
Alabama (1)
Arizona (2)
California (1)
District of Columbia (1)
Florida (3)
Georgia (2)
Kansas (2)
Michigan (2)
Missouri (1)
New Mexico (2)
North Carolina (1)
Oklahoma (1)
Pennsylvania (2)
South Carolina (1)
Texas (2)
Virginia (50)
West Virginia (1)
Wisconsin (4)
Wyoming (2)","Career Area
Administrative Support (3)
Event Planning and Execution (1)
Finance and Accounting (2)
Fundraising and Development (7)
Grassroots and Community Organizing (27)
Human Resources (3)
IT and Engineering (7)
Marketing and Communications (15)
Operations and Project Management (1)
Partnership Development (6)
Program and Grant Management (3)
Research and Analysis (1)",https://standtogether.org/careers/job-listings?f%5B0%5D=career_area%3A3016
Stand Together,81 Results,81 Results,https://standtogether.org/careers/job-listings
Stand Together,81 Results,81 Results,https://standtogether.org/careers/job-listings
Stand Together,"Coalitions Manager
Americans for Prosperity | North Carolina
View Job
Data Analyst
Stand Together | Arlington, Virginia
View Job
Deputy State Director
Americans for Prosperity | Grassroots and Community Organizing | West Virginia
View Job
Deputy State Director
Americans for Prosperity | Grassroots and Community Organizing | Wyoming
View Job
Digital Asset Manager (DAM) - Video Asset Management
Arlington, Virginia
View Job
Digital Asset Manager (DAM) – Photo Asset Management
Stand Together | IT and Engineering | Arlington, Virginia
View Job
Director of Grassroots Operations
Americans for Prosperity | Grassroots and Community Organizing | Missouri
View Job
Director, Partnerships - Major Gift Fundraising
Stand Together | Fundraising and Development | Arlington, Virginia
View Job
Executive Assistant, Development & Fundraising
Stand Together | Administrative Support | Arlington, Virginia
View Job
Executive Assistant, Finance & Accounting
Stand Together | Administrative Support | Arlington, Virginia
View Job
Page 1 of 9
Page
of 9","Coalitions Manager
Americans for Prosperity | North Carolina
View Job
Data Analyst
Stand Together | Arlington, Virginia
View Job
Deputy State Director
Americans for Prosperity | Grassroots and Community Organizing | West Virginia
View Job
Deputy State Director
Americans for Prosperity | Grassroots and Community Organizing | Wyoming
View Job
Digital Asset Manager (DAM) - Video Asset Management
Arlington, Virginia
View Job
Digital Asset Manager (DAM) – Photo Asset Management
Stand Together | IT and Engineering | Arlington, Virginia
View Job
Director of Grassroots Operations
Americans for Prosperity | Grassroots and Community Organizing | Missouri
View Job
Director, Partnerships - Major Gift Fundraising
Stand Together | Fundraising and Development | Arlington, Virginia
View Job
Executive Assistant, Development & Fundraising
Stand Together | Administrative Support | Arlington, Virginia
View Job
Executive Assistant, Finance & Accounting
Stand Together | Administrative Support | Arlington, Virginia
View Job
Page 1 of 9
Page
of 9",https://standtogether.org/careers/job-listings/54cd8691-0a5c-4254-a6c8-6ccb73dbbcdb
ThompsonGas,"Employees of ThompsonGas aren’t just hard workers — they’re an extension of our own family.   At Tho
...More
Current Openings (10 of 14)
Search
Location
Select Location
0 items selected.
Job Type
Select Job Type
0 items selected.
Search

Customer Service Representative
Petaluma, CA, US
9 days ago
Operations Manager
Cumberland, MD, US
+2 More Locations
19 days ago
Customer Service Representative
Baltimore, MD, US
25 days ago
Material Handler
Ranson, WV, US
25 days ago
Field Project Coordinator
Orlando, FL, US
30+ days ago
View all
Powering the Moments that Matter
Building the Cathedral
Copyright © 2025, ADP, Inc. All rights reserved.
Powered by
Privacy
|
Legal
|
Requirements
|
Artificial Intelligence","Petaluma, CA, US",https://workforcenow.adp.com/mascsr/default/mdf/recruitment/recruitment.html?cid=9a8366f5-a16e-4d31-9a6b-584b65942873&ccId=19000101_000001&type=MP&lang=en_US
ThompsonGas,"Employees of ThompsonGas aren’t just hard workers — they’re an extension of our own family.   At Tho
...More
Current Openings (10 of 14)
Search
Location
Select Location
0 items selected.
Job Type
Select Job Type
0 items selected.
Search

Customer Service Representative
Petaluma, CA, US
9 days ago
Operations Manager
Cumberland, MD, US
+2 More Locations
19 days ago
Customer Service Representative
Baltimore, MD, US
25 days ago
Material Handler
Ranson, WV, US
25 days ago
Field Project Coordinator
Orlando, FL, US
30+ days ago
View all
Powering the Moments that Matter
Building the Cathedral","Petaluma, CA, US",https://workforcenow.adp.com/mascsr/default/mdf/recruitment/recruitment.html?cid=9a8366f5-a16e-4d31-9a6b-584b65942873&ccId=19000101_000001&type=MP&lang=en_US
ThompsonGas,"Employees of ThompsonGas aren’t just hard workers — they’re an extension of our own family.   At Tho
...More","Employees of ThompsonGas aren’t just hard workers — they’re an extension of our own family.   At Tho
...More",https://workforcenow.adp.com/mascsr/default/mdf/recruitment/recruitment.html?cid=9a8366f5-a16e-4d31-9a6b-584b65942873&ccId=19000101_000001&type=MP&lang=en_US
ThompsonGas,"Current Openings (10 of 14)
Search
Location
Select Location
0 items selected.
Job Type
Select Job Type
0 items selected.
Search

Customer Service Representative
Petaluma, CA, US
9 days ago
Operations Manager
Cumberland, MD, US
+2 More Locations
19 days ago
Customer Service Representative
Baltimore, MD, US
25 days ago
Material Handler
Ranson, WV, US
25 days ago
Field Project Coordinator
Orlando, FL, US
30+ days ago
View all","Petaluma, CA, US",https://workforcenow.adp.com/mascsr/default/mdf/recruitment/recruitment.html?cid=9a8366f5-a16e-4d31-9a6b-584b65942873&ccId=19000101_000001&type=MP&lang=en_US
ThompsonGas,"Current Openings (10 of 14)
Search
Location
Select Location
0 items selected.
Job Type
Select Job Type
0 items selected.
Search

Customer Service Representative
Petaluma, CA, US
9 days ago
Operations Manager
Cumberland, MD, US
+2 More Locations
19 days ago
Customer Service Representative
Baltimore, MD, US
25 days ago
Material Handler
Ranson, WV, US
25 days ago
Field Project Coordinator
Orlando, FL, US
30+ days ago
View all","Petaluma, CA, US",https://workforcenow.adp.com/mascsr/default/mdf/recruitment/recruitment.html?cid=9a8366f5-a16e-4d31-9a6b-584b65942873&ccId=19000101_000001&type=MP&lang=en_US
ThompsonGas,View all,View all,https://workforcenow.adp.com/mascsr/default/mdf/recruitment/recruitment.html?cid=9a8366f5-a16e-4d31-9a6b-584b65942873&ccId=19000101_000001&type=MP&lang=en_US
ThompsonGas,"Powering the Moments that Matter
Building the Cathedral","Powering the Moments that Matter
Building the Cathedral",https://workforcenow.adp.com/mascsr/default/mdf/recruitment/recruitment.html?cid=9a8366f5-a16e-4d31-9a6b-584b65942873&ccId=19000101_000001&type=MP&lang=en_US
ThompsonGas,"Powering the Moments that Matter
Building the Cathedral","Powering the Moments that Matter
Building the Cathedral",https://workforcenow.adp.com/mascsr/default/mdf/recruitment/recruitment.html?cid=9a8366f5-a16e-4d31-9a6b-584b65942873&ccId=19000101_000001&type=MP&lang=en_US
ThompsonGas,"Powering the Moments that Matter
Building the Cathedral","Powering the Moments that Matter
Building the Cathedral",https://workforcenow.adp.com/mascsr/default/mdf/recruitment/recruitment.html?cid=9a8366f5-a16e-4d31-9a6b-584b65942873&ccId=19000101_000001&type=MP&lang=en_US
ThompsonGas,Powering the Moments that Matter,Powering the Moments that Matter,https://workforcenow.adp.com/mascsr/default/mdf/recruitment/recruitment.html?cid=9a8366f5-a16e-4d31-9a6b-584b65942873&ccId=19000101_000001&type=MP&lang=en_US
ThompsonGas,Building the Cathedral,Building the Cathedral,https://workforcenow.adp.com/mascsr/default/mdf/recruitment/recruitment.html?cid=9a8366f5-a16e-4d31-9a6b-584b65942873&ccId=19000101_000001&type=MP&lang=en_US
Xometry,"Create a Job Alert
Level-up your career by having opportunities at Xometry sent directly to your inbox.
Create alert","Create a Job Alert
Level-up your career by having opportunities at Xometry sent directly to your inbox.
Create alert",https://my.greenhouse.io/users/sign_in?job_board=xometry&source=job_alert_board
Xometry,"Sales, China","China
Sales, China
Job
Account Executive
Manila, Philippines
Sales Development Representative
Manila, Philippines
US / Finance & Accounting
Accounting
Job
Collections Specialist
Manila, Philippines
Director, Accounts Payable
Manila, Philippines
Director, Accounts Payable
Bangalore, India
Record to Report Lead
Bangalore, India
US
Marketing
Job
Director of Marketing
North Bethesda, MD
Director of Marketing
Waltham, MA
Director of Marketing B2BNew
North Bethesda, MD
Director of Marketing B2BNew
Lexington, KY
Events Marketing Manager
North Bethesda, MD
Events Marketing Manager
Lexington, KY
Events Marketing Manager
Waltham, MA
Marketing Operations Assistant
Brazil
Marketing Operations Assistant
Buenos Aires, Argentina
Marketing Reporting Analyst
Brazil
Marketing Reporting Analyst
Buenos Aires, Argentina
Performance Content Writer
Lexington, KY
Performance Content Writer
Waltham, MA
Performance Content Writer
North Bethesda, MD
Senior Director, Brand Marketing & Insights
North Bethesda, MD
Senior Director, Brand Marketing & Insights
Waltham, MA
Senior Manager, Search & AI Discoverability
North Bethesda, MD
Senior Manager, Search & AI Discoverability
Lexington, KY
Senior Manager, Search & AI Discoverability
Waltham, MA
US
Operations
Job
Case Manager I
Bangalore, India
Program Manager, Operations
North Bethesda, MD
Program Manager, Operations
Lexington, KY
Program Manager, Operations
Waltham, MA
Program Manager, Operations
Los Angeles, CA
Program Manager, Operations
Denver, CO
Program Manager, Operations
Buenos Aires, Argentina
Program Manager, Operations
Brazil
Project Engineer
Buenos Aires, Argentina
Project Engineer
Brazil
Quality Assurance Engineer
Gaithersburg, MD
Senior Manager, Sourcing Strategy & Transformation
Lexington, KY
Senior Manager, Sourcing Strategy & Transformation
North Bethesda, MD
Senior Manager, Sourcing Strategy & Transformation
Waltham, MA
Senior Manager, Sourcing Strategy & Transformation
Denver, CO
Sourcing Lead
Bangalore, India
US / Operations
Case Management Business Operations
Job
Case Manager, Business Operations
North Bethesda, MD
Case Manager, Business OperationsNew
Lexington, KY
Case Manager, Business Operations
Gaithersburg, MD
Case Manager, Business Operations LATAM
Buenos Aires, Argentina
Case Manager, Business Operations LATAM
Brazil
Project Manager - Case Management
Buenos Aires, Argentina
Project Manager - Case Management
Brazil
Senior Case Manager, Operations
Waltham, MA
Senior Case Manager, Operations
Denver, CO",https://job-boards.greenhouse.io/xometry/jobs/4905431007
Xometry,"Sales, China","China
Sales, China
Job
Account Executive
Manila, Philippines
Sales Development Representative
Manila, Philippines",https://job-boards.greenhouse.io/xometry/jobs/4905431007
Xometry,China,China,https://job-boards.greenhouse.io/xometry
Xometry,"Job
Account Executive
Manila, Philippines
Sales Development Representative
Manila, Philippines","Job
Account Executive
Manila, Philippines
Sales Development Representative
Manila, Philippines",https://job-boards.greenhouse.io/xometry/jobs/4905431007
Xometry,Accounting,"US / Finance & Accounting
Accounting
Job
Collections Specialist
Manila, Philippines
Director, Accounts Payable
Manila, Philippines
Director, Accounts Payable
Bangalore, India
Record to Report Lead
Bangalore, India",https://job-boards.greenhouse.io/xometry/jobs/4916208007
Xometry,US / Finance & Accounting,US / Finance & Accounting,https://job-boards.greenhouse.io/xometry
Xometry,"Job
Collections Specialist
Manila, Philippines
Director, Accounts Payable
Manila, Philippines
Director, Accounts Payable
Bangalore, India
Record to Report Lead
Bangalore, India","Job
Collections Specialist
Manila, Philippines
Director, Accounts Payable
Manila, Philippines
Director, Accounts Payable
Bangalore, India
Record to Report Lead
Bangalore, India",https://job-boards.greenhouse.io/xometry/jobs/4916208007
Xometry,Marketing,"US
Marketing
Job
Director of Marketing
North Bethesda, MD
Director of Marketing
Waltham, MA
Director of Marketing B2BNew
North Bethesda, MD
Director of Marketing B2BNew
Lexington, KY
Events Marketing Manager
North Bethesda, MD
Events Marketing Manager
Lexington, KY
Events Marketing Manager
Waltham, MA
Marketing Operations Assistant
Brazil
Marketing Operations Assistant
Buenos Aires, Argentina
Marketing Reporting Analyst
Brazil
Marketing Reporting Analyst
Buenos Aires, Argentina
Performance Content Writer
Lexington, KY
Performance Content Writer
Waltham, MA
Performance Content Writer
North Bethesda, MD
Senior Director, Brand Marketing & Insights
North Bethesda, MD
Senior Director, Brand Marketing & Insights
Waltham, MA
Senior Manager, Search & AI Discoverability
North Bethesda, MD
Senior Manager, Search & AI Discoverability
Lexington, KY
Senior Manager, Search & AI Discoverability
Waltham, MA",https://job-boards.greenhouse.io/xometry/jobs/4871210007
Xometry,US,US,https://job-boards.greenhouse.io/xometry
Xometry,"Job
Director of Marketing
North Bethesda, MD
Director of Marketing
Waltham, MA
Director of Marketing B2BNew
North Bethesda, MD
Director of Marketing B2BNew
Lexington, KY
Events Marketing Manager
North Bethesda, MD
Events Marketing Manager
Lexington, KY
Events Marketing Manager
Waltham, MA
Marketing Operations Assistant
Brazil
Marketing Operations Assistant
Buenos Aires, Argentina
Marketing Reporting Analyst
Brazil
Marketing Reporting Analyst
Buenos Aires, Argentina
Performance Content Writer
Lexington, KY
Performance Content Writer
Waltham, MA
Performance Content Writer
North Bethesda, MD
Senior Director, Brand Marketing & Insights
North Bethesda, MD
Senior Director, Brand Marketing & Insights
Waltham, MA
Senior Manager, Search & AI Discoverability
North Bethesda, MD
Senior Manager, Search & AI Discoverability
Lexington, KY
Senior Manager, Search & AI Discoverability
Waltham, MA","Job
Director of Marketing
North Bethesda, MD
Director of Marketing
Waltham, MA
Director of Marketing B2BNew
North Bethesda, MD
Director of Marketing B2BNew
Lexington, KY
Events Marketing Manager
North Bethesda, MD
Events Marketing Manager
Lexington, KY
Events Marketing Manager
Waltham, MA
Marketing Operations Assistant
Brazil
Marketing Operations Assistant
Buenos Aires, Argentina
Marketing Reporting Analyst
Brazil
Marketing Reporting Analyst
Buenos Aires, Argentina
Performance Content Writer
Lexington, KY
Performance Content Writer
Waltham, MA
Performance Content Writer
North Bethesda, MD
Senior Director, Brand Marketing & Insights
North Bethesda, MD
Senior Director, Brand Marketing & Insights
Waltham, MA
Senior Manager, Search & AI Discoverability
North Bethesda, MD
Senior Manager, Search & AI Discoverability
Lexington, KY
Senior Manager, Search & AI Discoverability
Waltham, MA",https://job-boards.greenhouse.io/xometry/jobs/4871210007
Xometry,Operations,"US
Operations
Job
Case Manager I
Bangalore, India
Program Manager, Operations
North Bethesda, MD
Program Manager, Operations
Lexington, KY
Program Manager, Operations
Waltham, MA
Program Manager, Operations
Los Angeles, CA
Program Manager, Operations
Denver, CO
Program Manager, Operations
Buenos Aires, Argentina
Program Manager, Operations
Brazil
Project Engineer
Buenos Aires, Argentina
Project Engineer
Brazil
Quality Assurance Engineer
Gaithersburg, MD
Senior Manager, Sourcing Strategy & Transformation
Lexington, KY
Senior Manager, Sourcing Strategy & Transformation
North Bethesda, MD
Senior Manager, Sourcing Strategy & Transformation
Waltham, MA
Senior Manager, Sourcing Strategy & Transformation
Denver, CO
Sourcing Lead
Bangalore, India",https://job-boards.greenhouse.io/xometry/jobs/4736845007
Xometry,US,US,https://job-boards.greenhouse.io/xometry
Xometry,"Job
Case Manager I
Bangalore, India
Program Manager, Operations
North Bethesda, MD
Program Manager, Operations
Lexington, KY
Program Manager, Operations
Waltham, MA
Program Manager, Operations
Los Angeles, CA
Program Manager, Operations
Denver, CO
Program Manager, Operations
Buenos Aires, Argentina
Program Manager, Operations
Brazil
Project Engineer
Buenos Aires, Argentina
Project Engineer
Brazil
Quality Assurance Engineer
Gaithersburg, MD
Senior Manager, Sourcing Strategy & Transformation
Lexington, KY
Senior Manager, Sourcing Strategy & Transformation
North Bethesda, MD
Senior Manager, Sourcing Strategy & Transformation
Waltham, MA
Senior Manager, Sourcing Strategy & Transformation
Denver, CO
Sourcing Lead
Bangalore, India","Job
Case Manager I
Bangalore, India
Program Manager, Operations
North Bethesda, MD
Program Manager, Operations
Lexington, KY
Program Manager, Operations
Waltham, MA
Program Manager, Operations
Los Angeles, CA
Program Manager, Operations
Denver, CO
Program Manager, Operations
Buenos Aires, Argentina
Program Manager, Operations
Brazil
Project Engineer
Buenos Aires, Argentina
Project Engineer
Brazil
Quality Assurance Engineer
Gaithersburg, MD
Senior Manager, Sourcing Strategy & Transformation
Lexington, KY
Senior Manager, Sourcing Strategy & Transformation
North Bethesda, MD
Senior Manager, Sourcing Strategy & Transformation
Waltham, MA
Senior Manager, Sourcing Strategy & Transformation
Denver, CO
Sourcing Lead
Bangalore, India",https://job-boards.greenhouse.io/xometry/jobs/4736845007
Xometry,Case Management Business Operations,"US / Operations
Case Management Business Operations
Job
Case Manager, Business Operations
North Bethesda, MD
Case Manager, Business OperationsNew
Lexington, KY
Case Manager, Business Operations
Gaithersburg, MD
Case Manager, Business Operations LATAM
Buenos Aires, Argentina
Case Manager, Business Operations LATAM
Brazil
Project Manager - Case Management
Buenos Aires, Argentina
Project Manager - Case Management
Brazil
Senior Case Manager, Operations
Waltham, MA
Senior Case Manager, Operations
Denver, CO",https://job-boards.greenhouse.io/xometry/jobs/4587116007
Xometry,US / Operations,US / Operations,https://job-boards.greenhouse.io/xometry
Xometry,"Job
Case Manager, Business Operations
North Bethesda, MD
Case Manager, Business OperationsNew
Lexington, KY
Case Manager, Business Operations
Gaithersburg, MD
Case Manager, Business Operations LATAM
Buenos Aires, Argentina
Case Manager, Business Operations LATAM
Brazil
Project Manager - Case Management
Buenos Aires, Argentina
Project Manager - Case Management
Brazil
Senior Case Manager, Operations
Waltham, MA
Senior Case Manager, Operations
Denver, CO","Job
Case Manager, Business Operations
North Bethesda, MD
Case Manager, Business OperationsNew
Lexington, KY
Case Manager, Business Operations
Gaithersburg, MD
Case Manager, Business Operations LATAM
Buenos Aires, Argentina
Case Manager, Business Operations LATAM
Brazil
Project Manager - Case Management
Buenos Aires, Argentina
Project Manager - Case Management
Brazil
Senior Case Manager, Operations
Waltham, MA
Senior Case Manager, Operations
Denver, CO",https://job-boards.greenhouse.io/xometry/jobs/4587116007
